#,Item No.,Description,UoM
1,BM10700141,"""""PAINT BRUSH 3""""""",NO
2,BM10700143,"""""PAINT BRUSH 1""""""",NO
3,BM10700155,"""""UNION THREADED GI 1""""""",NO
4,BM10700163,"""""WASTE HOSE PVC 1 1/4"""" KOHINOOR""",NO
5,BM10700168,"""""ANGLE COCK 2WAY CP 1/2"""" PARRYWARE/PLUMBE""",NO
6,BM10700175,"""""CASCADE WASH BASIN 22"""" WHITE COLOUR""",NO
7,CN10300504,TEFLON TAPE  ANTISEIZING  1/2IN W  12M LG,NO
8,CN10300851,FLANGE  PIPE  SLIP-ON  2IN (50MM) NB  CS  RF  150LB  ASA/ANSI B16.5,NO
9,CN10301110,"TEE PIPE UNEQUAL  25X15MM SIZE : (1""X1/2 "") NB  BW SMLS SS316",NO
10,CN10301488,"""""GLASS COLUMN FOR GC DIA:1/4"""" LENGHT:6'""",NO
11,CN10301489,"""""TUBE CLEANING BRUSH SIZE:2""""""",NO
12,CN10301507,"""""CELLO TAPE. SIZE:1/2"""" (CROWN)""",NO
13,CN10301576,"""""STICKER """"9""""",NO
14,CN10301610,"""""FLANGE  SIZE:1"""" SS 316 600# SORF""",NO
15,CN10301615,"""""STUD WITH 2 HEX.NUTS HT 3/8""""X10""""""",NO
16,CN10301626,"""""PIPE SS316 ERW SCH.10 1 1/4""""""",MR
17,CN10301633,"""""PVC BEND ELECTRICAL GRADE  3/4""""""",NO
18,CN10301634,"""""PVC PIPE 3/4"""" ELEC GRADE""",MR
19,CN10301640,"""""NEEDLE VALVE BRASS  OR SS 316  1/4"""" NPT [F]""",NO
20,CN10301641,"""""NEEDLE VALVE SS316 1/2"""" FORGED SCREWED""",NO
21,CN10301642,"""""NIPPLE BARREL 3/8""""X6""""(LONG) ERW""",NO
22,CN10301650,"""""SCREW DRIVER HEAVY DUTY 10"""" 903-1 TAPARI""",NO
23,CN10301668,"""""FILTER PRESS CLOTH  SIZE:38""""X40""""""",NO
24,CN10301701,"""""COMP.MECHSEAL2.25""""WITH SLEEVE AND GLAND""",SETS
25,CN10301702,"""""COM.MECH SEAL1.625""""WITH SLEEVE AND GLAND""",SETS
26,CN10301718,"""""FLANGE BLIND 80MM(3"""")CS 150#RF""",NO
27,CN10301756,"""""""""""O"""" RING  SIZE: OD:350MM ID:335.4 THK:7.3MM  MOC:VITON""",NO
28,CN10301765,"""""PLUG VALVE SIZE: 2"""" SS 316""",NO
29,CN10301767,"""""PLUG VALVE SS 316 SIZE:3""""  RATING:150#""",NO
30,CN10301777,"""""BALL VALVE   SIZE:1"""" SS 316  300# FLANGED END""",NO
31,CN10301781,"""""NRV PP 11/2""""  150# FLANGED END""",NO
32,CN10301782,"""""FOOT VALVE PP 1 1/2"""" 150# F/E""",NO
33,CN10301783,"""""FOOT VALVE PP 2"""" F/E""",NO
34,CN10301804,"""""SPANNER ADJUSTABLE (12"""")""",NO
35,CN10301805,"""""SPANNER ADJUSTABLE (6"""")""",NO
36,CN10301824,"""""BEND  PIPE  L/R  1 1/2 """" PVC  FINOLEX""",NO
37,CN10301925,"""""3"""" FLANGE END PLASTIC CAP""",NO
38,CN10301965,"""""PEBBLES   SIZE:11/2""""X1""""""",KG
39,CN10301966,"""""PEBBLES  SIZE: 1""""X3/4""""""",NO
40,CN10301967,"""""PEBBLES  SIZE: 3/4""""X1/2""""""",NO
41,CN10301968,"""""PEBBLES  SIZE:1/2""""X1/4""""""",NO
42,CN10302000,"""""HOSE IN THE LEN OF 2MTR WITH 1/2""""BSP FEMALE SWIVEL SS ST X ST FITTINGS ON BOTH ENDS 1/2""""SS BRAI""",NO
43,CN10302055,"""""3/4"""" SS HOSE WIRED BRAIDED METALLIC BELLOW   800 MM LG""",NO
44,CN10302071,"""""ELBOW   SS 316   90 DEG  SIZE:8""""(200NB)SHORT RADIUS  SMLS SCH 20""",NO
45,CN10302147,"""""PIPE SS316L SIZE: 3"""" SCH 10.""",MR
46,CN10302149,"""""PIPE SS316L SIZE: 1 1/2"""" SCH 10.""",MR
47,CN10302201,"""""ELBOW 3"""" 90 DEG   GI  BW.""",NO
48,CN10302316,"""""UNEQUAL TEE   SIZE:21/2""""X3""""  MOC: SS316 SMLS SCH 10""",NO
49,CN10302317,"""""PISTON VALVE   SIZE:1/2""""  RATING:800#  END CONNECTION: SOCKET WELD""",NO
50,CN10302372,"""""CLAMP   GI   SIZE - 1/2""""""",NO
51,CN10302380,"REDUCER MOC UPVC  SIZE : 1 1/2"" X 1""",NO
52,CN10302381,"""""EQUAL TEE   MOC : UPVC   SIZE - 1""""""",NO
53,CN10302419,"""""PIPE   PVC SIZE : 4""""""",MR
54,CN10302420,"""""FLANGE   PVC   SIZE : 4""""""",NO
55,CN10302421,"""""BEND   PVC   SIZE  : 4""""""",NO
56,CN10302422,"""""EQUAL TEE   PVC   SIZE : 4""""""",NO
57,CN10302423,"""""VALVE   PP   FLANGED END   SIZE : 4""""""",NO
58,CN10302447,"""""FLANGE   SIZE : 2"""" ( 6 KG/CM2 )""",NO
59,CN10302448,"""""TEE   PVC   SIZE : 4"""" TO 2 """" ( 6 KG/CM2 )""",NO
60,CN10302456,"""""POTASSIUM DICHROMATE L.R """"SDS"""" MAKE 500 GM""",NO
61,CN10302457,"""""FERROUS SULPHATE A.R """"SDS"""" MAKE   500 GM""",NO
62,CN10302488,"""""CHAIN MASTER LINK FOR SIMPLEX 1"""" PITCH""",NO
63,CN10302507,"""""FLANGE   HDPE   SIZE : 8"""" ( 200 MM) SOFF   150#""",NO
64,CN10302519,"""""SPIRAL WOUND GASKET WITH CS INNER AND OUTER RING   SIZE : 3""""    300#""",NO
65,CN10302528,"""""CABLE GLAND   FLAME PROOF CBF-02      SIZE : 1""""""",NO
66,CN10302547,"""""INSULATION WOOL 50MM THICKNESS   MAKE : ROCKWOOL   WIRE BRAIDING : 3/4"""" X 24SWG""",SMR
67,CN10302551,"""""GIRT   SIZE : 2"""" X 4"""" X 8'-0"""" 45""",NO
68,CN10302552,"""""GIRT   SIZE :  2"""" X 4"""" X 12'-0""""""",NO
69,CN10302579,"""""WASHER PLAIN (HDG) ? 12 MM ( 1/2"""")""",NO
70,CN10302580,"""""WASHER PLAIN (HDG) ? 10 MM ( 3/8"""")""",NO
71,CN10302583,"""""FILTER CLOTH FORETP FILTER PRESS   SIZE : 38"""" X 40""""   10#""",NO
72,CN10302602,"""""""""""CHAIN SIMPLEX   SIZE : 1"""""""" PITCH""""""",MR
73,CN10302604,"""""ELBOW   SS316   SCH10   ERW   BW   90 DEG. SIZE : 20NB ( 3/4"""" )""",NO
74,CN10302617,"""""SLEVEE FOR 3 WAY VALVE   SIZE : 6""""   MODEL : T-600  """,NO
75,CN10302618,"""""SEAL KIT FOR 3 WAY VALVE   SIZE : 6""""   MOC : CARON FILLED TEFLON""",NO
76,CN10302619,"""""DIAPHRAGM VALVE WITH RUBBER LINED   SIZE : 8""""   MOC : CS""",NO
77,CN10302634,"""""END FILTER CLOTH FOR ETP FILTER PRESS   SIZE : 38"""" X 40""""""",NO
78,CN10302677,"""""PIPE   SS316   SMLS   SCH20   SIZE : 3"""" ( 80 NB )""",MR
79,CN10302679,"""""PLUG VALVE TWO WAY ( PARTIAL JACKETED )   SIZE : 2"""" ( 50 NB ) TYPE : 127 ( GERMAN DESIGN )""",NO
80,CN10302774,"PVC REDUCER   SIZE : 6 "" X 4""",NO
81,CN10302775,"""""FLANGE   PVC   SIZE : 6""""""",NO
82,CN10302779,"""""PIPE   UPVC   SIZE : 1""""""",MR
83,CN10302780,"""""LONG BEND   UPVC   SIZE : 1""""""",NO
84,CN10302781,"""""TEE   UPVC   SIZE : 1""""""",NO
85,CN10302782,"""""COUPLING   UPVC   SIZE : 1""""""",NO
86,CN10302783,"""""RED. ELBOW   THREADED   UPVC   SIZE : 1"""" X 1/2""""""",NO
87,CN10302784,"""""BALL VALVE   UPVC   SIZE : 1""""""",NO
88,CN10302786,"""""BALL VALVE   SS316   SIZE : 3"""" JACKETED   FLANGED END.""",NO
89,CN10302788,"""""FLANGE   CS   PN10   SIZE : 1"""" (25MM)  """,NO
90,CN10302808,"""""PIPE   CS   ERW  CLASS ' C '   SIZE : 20MM ( 3/4"""" )""",MR
91,CN10302816,"PVC HOSE TRANSPARENT GI WIRE IMPREGNATED SIZE: (2"") 50MM ID X 58MM OD TEMP:70DEGC  GRADE: FOOD",MR
92,CN10303081,CHALK PIECE WHITE COLOUR,NO
93,CN10303088,"TEE REDUCER PVC 10"" X 6""",NO
94,CN10303089,"REDUCER BEND PVC 10"" X 6""",NO
95,CN10303090,"REDUCER 10"" X 6"" PVC",NO
96,CN10303093,"""""U"" CLAMP GI 6""",NO
97,CN10303235,"TEE UPVC 11/2"" EQU SW PIPE",NO
98,CN10303366,"FLANGE 32MM (1 1/4"") UPVC 150# SORF",NO
99,CN10303440,"REDUCER 2""X1” UPVC SCH 40",NO
100,CN10303441,"FLANGE 3""(80 NB) WITH TAIL PIECE 300# UPVC",NO
101,CN10303449,"MEALS TOKEN 37MM DIA X 2MM THK ""TCL CANTEEN"" PRINT",NO
102,CN10303461,"PLYWOOD 3/8"" X 13"" X 48""",NO
103,CN10303462,"COLUMN 3""X3""X12-0 FEET TIMBER",NO
104,CN10303463,"""""HYDROGEN PEROXIDE 50% MAKE; SOLVAY",KG
105,CN10303483,"FILTER PRESS CLOTH 38""X40"" MOC PP",SETS
106,CN10303484,"CHAIN ROLLER SINGLE STANDARD SIMPLEX 5/8"" WITH MASTER LINK",MR
107,CN10303529,"PIPE UPVC 11/4"" BORE WELL LONG 3MTRS",NO
108,CN10303530,"ADAPTOR UPVC 11/4""",NO
109,CN10303533,"ZINC ACETATE ""SQ"" CODE:28755",GMS
110,CN10303559,"PIPE CPVC 11/2"" SDR-II",MR
111,CN10303560,"COUPLING CPVC 11/2"" SDR-II",NO
112,CN10303561,"ELBOW CPVC 11/2"" SW SDR-II",NO
113,CN10303562,"FLANGE WITH TAIL PIECE CPVC 11/2"" SW SDR-II",NO
114,CN10303564,"REDUCER CPVC 2X11/2"" (50mmx40mm) SDR-II",NO
115,CN10303565,"REDUCER CPVC 2X1"" (50mmx25mm) SDR-II",NO
116,CN10303592,"PIPE  MTL  SEAMLESS  1"" SCH 40 DUPLEX STAINLESS STEEL 2205",MR
117,CN10303593,"PIPE  MTL  SEAMLESS  11/2"" SCH 40 DUPLEX STAINLESS STEEL 2205",MR
118,CN10303594,"PIPE  MTL  SEAMLESS  2"" SCH 40 DUPLEX STAINLESS STEEL 2205",MR
119,CN10303595,"PIPE  MTL  SEAMLESS  21/2"" SCH 40 DUPLEX STAINLESS STEEL 2205",MR
120,CN10303596,"PIPE  MTL  SEAMLESS  3"" SCH 40 DUPLEX STAINLESS STEEL 2205",MR
121,CN10303597,"PIPE  MTL  SEAMLESS  4"" SCH 40 DUPLEX STAINLESS STEEL 2205",MR
122,CN10303598,"PIPE  MTL  SEAMLESS  6"" SCH 40 DUPLEX STAINLESS STEEL 2205",MR
123,CN10303599,"PIPE  MTL  ERW 10"" SCH 40 DUPLEX STAINLESS STEEL 2205",MR
124,CN10303600,"PIPE  MTL  ERW 12"" SCH 40 DUPLEX STAINLESS STEEL 2205",MR
125,CN10303601,"PIPE  MTL  ERW 14"" SCH 40 THK 5MM DUPLEX STAINLESS STEEL 2205",MR
126,CN10303602,"PIPE  MTL  ERW 16"" SCH 40 THK 5MM DUPLEX STAINLESS STEEL 2205",MR
127,CN10303603,"PIPE  MTL  ERW 18"" SCH 40 THK 5.6MM DUPLEX STAINLESS STEEL 2205",MR
128,CN10303641,"TEE 1.5""X1"" CPVC",NO
129,CN10303642,"TEE 1.5""X3/4"" CPVC",NO
130,CN10303643,"UNION 1.5"" CPVC",NO
131,CN10303644,"ADOPTER MALE THREAD 1.5"" CPVC",NO
132,CN10303645,"UNION FEMALE THREAD ADOPTER 3/4"" CPVC",NO
133,CN10303646,"UNION MALE THREAD ADOPTER 3/4"" CPVC",NO
134,CN10303671,"DUMMY 3/4"" CPVC",NO
135,CN10303808,"""""PIPE SIZE - 1 1/2"""" (40MM)  SS316  SCH 80  SMLS""",MR
136,CN10303809,"""""PIPE SIZE - 2"""" (50MM)  SS316  SCH 80  SMLS""",MR
137,CN10303822,"""""REDUCER ECCENTRIC SIZE- 2”X1”(50X25MM) SS316 SCH 80 SMLS   """,NO
138,CN10303877,"WIPER 18"" WITH METAL PIPE HANDLE",NO
139,CN10303899,"DIMETHYL SULPHOXIDE ""SQ"" / AR CODE : 23125 / 38216",ML
140,CN10303900,"DIMETHYL PHTHALATE ""SQ"" / AR CAS NUMBER:131-11-3",ML
141,CN10303919,"FLANGE  CS  SIZE:3/4"" BLRF  RATING- 150",NO
142,CN10303920,"FLANGE  CS  SIZE:1"" WNRF  RATING- PN25 SCHEDULE-40",NO
143,CN10303921,"FLANGE  CS  SIZE:24"" WNRF  RATING- PN10 SCHEDULE- 10MM THK",NO
144,CN10303922,"FLANGE  CS  SIZE:28"" WNRF  RATING- PN10 SCHEDULE- 16MM THK",NO
145,CN10303933,"UNION COUPLING 1/2"" THD UPVC",NO
146,CN10303937,"ELBOW 90DEG SW 1/2"" UPVC",NO
147,CN10303938,"COUPLING SW 1/2"" UPVC",NO
148,CN10303939,"ADAPTOR 1/2"" UPVC WITH FEMALE BRASS THREAD",NO
149,CN10303940,"ADAPTOR 1/2"" UPVC WITH MALE BRASS THREAD",NO
150,CN10303971,"CARTRIDGE FOR HAND CODING MACHINE - 1""",NO
151,CN10304001,"""""TEE UNEQUAL SIZE- 3”X 1 1/2”(80X40MM) DUPLEX",NO
152,CN10304217,"TUBE,SS ,  1/4"" ,SS316",MR
153,CN10304312,"TEST SIEVE SS304 MESH20, HEIGHT 2"", DIA:8""",NO
154,CN10304530,"WELDOLET  1""(25NB) SCH40S SEAMLESS BW SS304",NO
155,CN10304572,"PLUG 3/4"" MOC SS WITH FKM SEAL",NO
156,CN10304573,"SOCKET 3/4"" MOC SS WITH FKM SEAL",NO
157,CN10304586,"ELBOW 2-1/2""(65 NB) 90° SCH 40 CS BW NIBR",NO
158,CN10304587,"FLANGE 3""(80NB) CL.600 CS WELD NECK ENDS RAISED FACE NIBR",NO
159,CN10304588,"ELBOW 8""(200 NB) 90° SCH 80 SEAMLESS CS BW NIBR",NO
160,CN10304589,"FLANGE 4""(100NB) CL.150 CS WELD NECK RAISED FACE NIBR",NO
161,CN10304590,"SOCKOLET 4""X1/2""(100NBX15NB) CL3000 CS NIBR",NO
162,CN10304592,"ELBOW  3""(80 NB) 90° SCH 40 CS BW NIBR",NO
163,CN10304647,"CARTRIDGE BT SERIES  0.2 MICRON X 10"" LENGTH, PP, FOR DM WATER FILTER.",NO
164,CN10304683,"STUD, SIZE : (1/2""X2_1/2""), 2 HEXNUT & 2 SS 304 WAS(0.5MM), ASTM A193 GR B7, GI, A194 GR 2H END FT, CL 150, ANSI B 18.2.1, ANSI B 18.2.2.",NO
165,CN10304684,"STUD, SIZE : (1/2""X2_1/4"") 2 HEXNUT & 2 WAS (0.5MM), ASTM A193 GR B7, A194 GR 2H FOR ENDS FULL THRD, CL 150, ANSI B 18.2.1, ANSI B 18.2.2",NO
166,CN10304685,"STUD,SIZE : (1/2""X2_3/4""), 2 HEXNUT & 2 SS 304 WAS (0.5MM), ASTM A193 GR B7 WITH HOT DIP GI, A194 GR 2H FOR END FULL THRD, CL 150",NO
167,CN10304686,"STUD, SIZE : (3/4""X4""), 2 HEXNUT & 2 SS 304 WAS(0.5MM),ASTM A193 GR B7 WITH HOT DIP GI, A194 GR 2H FOR END FULL THRD,  CL 150",NO
168,CN10304687,"STUD, SIZE : (5/8""X3_1/2""), 2 HEXNUT & 2  SS 304 WAS(0.5MM), ASTM A193 GR B7 WITH HOT DIP GI,  A194 GR 2H FOR END FULL THRD,CL 150",NO
169,CN10304688,"ELBOW 90°  2""(50 NB) MOC : CARBON STEEL A234 GR WPB LR=1.5DTYPE SEAMLESS SCH 80 ENDS BUTT WELD, B16.9",NO
170,CN10304689,"CARBON STEEL SEAMLESS PIPES ASTM A106 GR.B,  SIZE : 8 ,SCH : 8""  NB X SCH 80 ; B/E,",MR
171,IN10600041,"""""MALE CONNECTOR BRASS 1/2""""""",NO
172,IN10600051,"""""1/4"""" NPTM TO 6 MM OD BRASS ELBOW""",NO
173,IN10600060,"""""MALE CONNECTOR    DATA : 1/4"""" NPT THREAD MALE   MOC : BRASS""",NO
174,IN10600075,"COPPER TUBE 1/2""""ANNEALED 18SWG THK SEAMLESS""",MR
175,IN10600495,"WATER METER   SIZE:1"" WITH MATING FLANGE",NO
176,IN10600569,"""""ROTAMETER   SIZE : 2""""   MODEL : TVF-PG-19(M) MAKE : EUREKA - PUNE""",NO
177,IN10600575,"""""CABLE GLAND   SIZE : 1"""" NPT   MODEL : CBF04""",NO
178,IN10600577,"""""CABLE GLAND   SIZE : 1 1/2"""" NPT   MODEL : CBF06""",NO
179,IN10600702,"""""BALL VALVE WITH ACTUATOR 1"""" PVC FLOW:0-700 LPH MAX PR:4BAR""",NO
180,IN10600711,"PRESSURE SWITCH 0.7-7.0 BAR DIAPHARAGM TYPE 2"" 150#",NO
181,IN10600729,"""""BALL VALVE WITH ACTUATOR SIZE 1"""" RATING 150#""",NO
182,IN10600810,"CONTROL VALVE 1.5"" 150# LINE SCH:40 PR:0-3BAR TEMP:0-100DEGC",NO
183,IN10600846,"BREATHER VALVE PALLET OPERATED 6"" 150# PR.SETTING:+500MM OF H2O -100MM OF H2O",NO
184,IN10600931,"RADAR LEVEL TRANSMITTER  MODEL: RAPTOR 5900S FOR FIXED ROOF TANKS WITH 17"" PARABOLA, SUPPLY VOLTAGE: 230VAC FOR HUB",NO
185,IN10600940,"DCS CENTUM VP DCS HARDWARES CONTROLLER AND DATA ACQUISITION SUB-SYSTEM DUPLEXED FIELD CONTROL UNIT (FOR FIO, 19"" RACK  MOUNTABLE), MODEL- AFV30D STANDARD TYPE DUAL REDUNDANT V NET/IP DUAL P-150",SETS
186,IN10600996,"SOLENOID VALVE  1-1/2"" FULL THD",NO
187,IN10601138,"TEMPERATURE GAUGE WITH THERMOWELL, RANGE   0 TO 80  DEG CDIAL SIZE  :  6"", SHEATH OD : 6 mm,",NO
188,IN10601227,"NON CONTACT RADAR LEVEL TRANSMITTER,24 VDC,3"" FLANGE #150 ,SS316",NO
189,IN10601228,"NON CONTACT RADAR LEVEL TRANSMITTER,24 VDC, 2"" #150 SS316 FLANGE",NO
190,IN10601229,"NON CONTACT RADAR LEVEL TRANSMITTER, 24 VDC, 4"" FLANGE 150# ,SS316.DIESEL  LIQUID",NO
191,IN10601231,"CONTROL VALVE 3"", TECHNIK HICON 6000,T-108R,3.7 KG/CM2,40BAR",NO
192,IN10601250,"BALL VALVE WITH ACTUATOR,AIRA MAKE,SINGLE ACTING,1 1/2 "" , UPVC",NO
193,IN10601251,"BALL VALVE WITH ACTUATOR,AIRA MAKE,SINGLE ACTING,2 "" , UPVC",NO
194,IN10601380,"PRESSURE- SEAL FOR,VSC 2"", 600#",NO
195,IN10601394,"CONNECTOR, MALE, 1/4"" TO 12MM, ONE TOUCH FITTING,  AIR SERVICE, UP TO 10 BAR.",NO
196,IN10601406,"PRESSURE GAUGE,BOURDON,  0 TO 10 BAR, DIAL SIZE : 63MM(2-1/2""),BACK ENTRY WITH FRONT PANEL ARRANGEMENT",NO
197,IT11300086,"HIKVISION IP DOME CAMERA (2MP) 20MTRS 2 MP 1/3"" PROGRESSIVE CMOS",NO
198,PM11000127,"""""FILTER CLOTH """"PP"""" MICRON - 1""",MT
199,PROJ92000221,"""""SEAL ASSEMBLY AS PER 2H-155771 ARO - 1.125"""" - SIC VS SIC""",NO
200,PROJ92000222,"""""SEAL ASSEMBLY AS PER 2H-155786 ARO - 1.125"""" - SIC VS SIC""",NO
201,PS11200187,"""""CELLO TAPE  SIZE:1""""  MAKE:CROWN""",NO
202,PS11200188,"""""CELLO TAPE TRANSPERANT  SIZE:2""""  MODEL:3K""",NO
203,PS11200280,"REFLECTOR STICKER 2"" X 6”LONG RED COLOUR ARROW",NO
204,PS11200410,WHITE CHALK PIECES,BOX
205,SP10400234,"""""CABLE GLAND 1/2"""" NPT DC""",NO
206,SP10400583,"""""BOX  12"""" X 8 """"X 3""""  16SWG THK  MS  SPRAY PAINTED""",NO
207,SP10400626,TAPE INSULN ELEC SELF ADHESIVE 1.8CM W 0.125MM THK 8M LG PVC YLW/RED/BLU/BLK/GRN ISI IS 2448 PART II,NO
208,SP10401618,"CONSTANT OIL LEVEL INDICATOR 1/4""""BSP THD 100ML CAP""",NO
209,SP10402739,"""""CABLE GLAND 3/4"""" DC FLP CBF01S COMET""",NO
210,SP10402742,"""""CABLE GLAND 1 1/2"""" DC""",NO
211,SP10402866,"""""SPZ 1348 """"V"""" BELT""",NO
212,SP10402935,"""""SS316 STUD FT 1MTR (L) SIZE: 5/8""""""",NO
213,SP10402962,"""""SS316 NUT SIZE: 5/8""""""",NO
214,SP10402983,"""""HOSE RUBBER FLEXIBLE 1/2"""" 1MTR LENGTH""",NO
215,SP10402984,"""""HOSE SS316 BELLOW BRAIDED 1/2""""BSP""",NO
216,SP10403006,"""""SS316 PIPE ERW SCH10 SIZE: 11/4""""""",MR
217,SP10403011,"""""PIPE MS SMLS SCH.40 1/2"""" (15MM)""",MR
218,SP10403016,"""""CS PIPE SMLS SCH40 1 1/2""""""",MR
219,SP10403019,"""""CS PIPE SMLS SCH40 SIZE: 3/4""""""",MR
220,SP10403020,"""""CS PIPE SMLS SCH40 SIZE: 1/2""""""",MR
221,SP10403025,"ELBOW GI 4"" ERW BW 90DEG C CLASS",NO
222,SP10403037,"""""FLANGE DUMMY 200MM (8"""") MS 150#""",NO
223,SP10403038,"""""CS FLANGE NB 150# SORF ANSI - 3""""""",NO
224,SP10403041,"""""FLANGE BLIND 250MM (10"""") CS 150# SORF""",NO
225,SP10403043,"""""FLANGE 32MM (1 1/4"""") MS  150# SORF""",NO
226,SP10403047,"FLANGE NB 50MM (2"" ) CS 150# SORF ANSI""",NO
228,SP10403050,"""""FLANGE 200MM (8"""")CS 150# SORF ANSI""",NO
229,SP10403051,"""""FLANGE 250MM NB (10"""") CS 150# SORF ANSI""",NO
230,SP10403053,"""""FLANGE 25MM (1"""") SS 150# SORF ANSI""",NO
231,SP10403074,"""""SS316 ERW ELBOW 90DEG BW SCH10- 10""""""",NO
232,SP10403088,"""""SS316 ELBOW 90DEG BW ERW SCH10 1 1/4""""""",NO
233,SP10403092,"""""MS ELBOW THREADED 1/2""""""",NO
234,SP10403096,"REDUCER ECC SS316 SCH 10-11/2""""X11/4""""""",NO
235,SP10403103,"""""BARREL NIPPLE SMLS SCH40 THREADED 1/2""""""",NO
236,SP10403114,"""""SS316 LONG STUBEND SCH10 ERW SIZE: 3""""""",NO
237,SP10403118,"""""SS316 STUBEND LONG SCH10 ERW 1 1/4""""""",NO
238,SP10403119,"""""STUBEND SS316 LONG SCH10 - 3""""""",NO
239,SP10403171,"""""PIPE WRENCH 18"""" TAPARIA/EVEREST""",NO
240,SP10403172,"""""SCREW SPANNER 18""""""",NO
241,SP10403174,"""""SPANNER NON SPARKING RING 30""""X32""""""",NO
242,SP10403186,"""""HACKSAW FRAME FLAT 12"""" JOLLY""",NO
243,SP10403187,"""""SCREW DRIVER HEAVY DUTY 12"""" TAPARIA/EVE.""",NO
244,SP10403225,"""""NON SLAM CHECK VALVE SS316 SIZE: 2""""""",NO
245,SP10403226,"""""NON SLAM CHECK VALVE SS316 SIZE: 11/2""""""",NO
246,SP10403227,"""""NON SLAM CHECK VALVE SS316 SIZE: 1""""""",NO
247,SP10403229,"""""BALL VALVE SS316  1 1/2""""150# FE 2WAY 2P""",NO
248,SP10403231,"""""BALL VALVE SS316 2"""" 150# FLGDEND 2P""",NO
249,SP10403232,"""""BALL VALVE SS316 2PCS - 1 1/2""""""",NO
250,SP10403245,"GATE VALVE 1"" FCS 800# SW""",NO
251,SP10403249,"""""GATE VALVE 2"""" WCB 150# F/E""",NO
252,SP10403251,"GLOBE VALVE 2"" WCB FLGD END",NO
253,SP10403252,"FOOT VALVE BRASS 2"""" SCREWED""",NO
254,SP10403274,"""""FLOW VIEW GLASS 1 1/2""""""",NO
255,SP10403276,"CHAIR ""S""TYPE WITH ARM MODEL BHARATH""",NO
256,SP10403288,"CHAIN COUPLING SET MS SIZE: 1 1/2""",SETS
257,SP10403298,"""""3/8"""" RO HOSE""",MR
258,SP10403330,"""""FILTER CLOTH """"PP"""" MICRON - 5""",MR
259,SP10403481,"""""RUBBER HOSE END FEMALE BSP SWIEVEL NUT PRESSURE 6 BAR 1/2""""*1.5""""""",MR
260,SP10403485,"BOILER TUBE CLEANING BRUSH 2""",NO
261,SP10403486,"""""GREASE NIPPLE WITH CAP BSP 1/8""""""",NO
262,SP10403488,"""""GI ELBOW """"C"""" CLASS ERW 1""""""",NO
263,SP10403493,"PVC THREADED FLANGE 2""",NO
264,SP10403498,"""""PVC FLANGE 1""""""",NO
265,SP10403499,"""""MS FLANGE DIN PN 20 SORF 3/4""""""",NO
266,SP10403500,"""""MS FLANGE DIN PN 20 SORF 1 1/4""""""",NO
267,SP10403502,"""""SS REDUCER CONC 1 1/4 X 1/2""""""",NO
268,SP10403505,"""""PVC REDUCER 3 X 1®""""""",NO
269,SP10403510,"""""MS BEND 'C' CLASS   SEAMLESS   BW 3/4""""""",NO
270,SP10403513,"""""GI ELBOW """"C"""" CLASS ERW 2""""""",NO
271,SP10403514,"""""PVC STUBEND 1""""""",NO
272,SP10403520,"""""REDUCER ECN.SS316 SCH 10 ERW 80X65MM 2 1/2"""" X 2""""""",NO
273,SP10403521,"REDUCER ECN 80X65MM (3""X 21/2"") SS316 SCH 10 ERW",NO
274,SP10403522,"""""GI EQUAL TEE BW """" A"""" CLASS ERW 4""""""",NO
275,SP10403523,"""""PVC REDUCER 2 X 1""""""",NO
276,SP10403526,"""""SS REDUCER 316 SCH 10 ERW CONC 10"""" X 8""""""",NO
277,SP10403532,"TEE MS 4""",NO
278,SP10403540,"""""GI THREADED COUPLING 2""""""",NO
279,SP10403541,"""""GI THREADED COUPLING 2 1/2""""""",NO
280,SP10403542,"""""GI THREADED COUPLING 3""""""",NO
281,SP10403557,"""""SS SHORT STUBEND 1""""""",NO
282,SP10403565,"""""SS TEE ERW  SCH10  BW 2 X 1® """"""",NO
283,SP10403588,"NRV SOCKET WELD  VALVE 1"" 800 #",NO
284,SP10403604,"""""MS SOCKET WELDED TEE 4 X 3 """"""",NO
285,SP10403629,"""""SUBMERSIBLE BORE PUMP  PUMP SIZE:4"""" DIA""",NO
286,SP10403652,"""""TEST SIEVE  SS316  ASTM 5  DIA 8"""" X 2"""" HT""",NO
287,SP10403658,"""""CABLE GLAND 1 3/4"""" DC W/P CBW-09 COMET""",NO
288,SP10403659,"""""CABLE GLAND 2"""" DC FLP CBF010 COMET""",NO
289,SP10403713,"""""GASKET SPW 10"""" SS304  ASBESTOS 600#""",NO
290,SP10403714,"GASKET SPW 2"" SS304 CAF FIL 150# I/O RING",NO
291,SP10403732,"""""HOSE SS METALLIC-3""""X1.5MTR + MS FLANGE""",NO
292,SP10403735,"""""HOSE 4"""" X 3.5 MTR PP FOR OX UNLOADING""",NO
293,SP10403745,"""""WELDED MESH MS 1""""X1""""X 3MM THK""",SMR
294,SP10403748,"""""RUBBER BEEADING 48"""" SHIVE SHAKER""",NO
295,SP10403754,"""""HDPE PIPE - 4 INCH",MR
296,SP10403756,"""""PIPE UPVC PLAIN END PR.10KG/CM2 SCH40 3""""""",MR
297,SP10403757,"""""PIPE PVC HEAVY PR.4KG/CM2 6""""(150MM)""",MR
298,SP10403764,"FLANGE 1"" WITH TAIL PIECE PVC   150#""",NO
299,SP10403765,"""""HDPE FLANGE - 4""""""",NO
300,SP10403768,"FLANGE SOFF HDPE 6""",NO
301,SP10403771,"""""ELBOW 90'BW SS316 SMLS SCH10 100MM(4"""")""",NO
302,SP10403774,"TEE (EQ)HDPE 2""""[50 NB] 10 KG PR""",NO
303,SP10403780,"""""FLANGE WITH TAIL PIECE 3"""" UPVC   SOCKET  """,NO
304,SP10403781,"""""PIPE 2"" HDPE  63 MM OD X 5.05TO5.4 MM WT""",MR
305,SP10403782,"""""ELBOW 90 DEG 1""""HDPE 10 KG""",NO
306,SP10403784,"""""NIPPLE BARREL 3/4"""" X 6"""" LONG SS316 ERW""",NO
307,SP10403785,"""""BEND LONG PVC 2"""" 6 KG/CM2""",NO
308,SP10403819,"""""PIGTAIL 3/8""""X1.5 MTR LEN END.CONN 5/8"""" F""",NO
309,SP10403821,"""""PR.GAUGE O TO 2.1/2.5  1-1/2"""" 1/8"""" NPT(M)""",NO
310,SP10403823,"""""TEMP.GAUGE 0-100 DEG C  6MM ODX400MM  6""""""",NO
311,SP10403824,"PR.GAUGE 0-4/4.2 KG 11/2"" DIAL 1/8""",NO
312,SP10403847,"""""WATERMETER  MS  SIZE:11/2""""WITH MATING F/L""",NO
313,SP10403849,"""""BALL VALVE PVC DN-40 2"""" PN16 SW""",NO
314,SP10403850,"NRV PP 2"" NB 150# F/E  10KG",NO
315,SP10403851,"""""GATE VALVE 8"""" CS 150# F/E B16.5""",NO
316,SP10403852,"""""GLOBE VALVE WITH BELLOW SEAL   SIZE-2""""""",NO
317,SP10403854,"""""DIAPHRAGM VALVE RUBBER LINED 2 1/2"""" 150#""",NO
318,SP10403859,"""""GLOBE VALVE BELLOW SEAL   SIZE-3/4""""""",NO
319,SP10403860,"""""GLOBE VALVE WITH BELLOW SEAL   SIZE-1""""""",NO
320,SP10403861,"""""GLOBE VALVE WITH BELLOW SEAL  SIZE:1 1/2""""""",NO
321,SP10403862,"GLOBE VALVE WITH BELLOW SEAL  SIZE-4"", 300#",NO
322,SP10403868,"ANTI VIBRATION RUBBER PAD 6""""X6""""1/2""""""",NO
323,SP10403870,"""""END CAP   SIZE:2""""  THK-3.5MM  MOC:TITANIUM""",NO
324,SP10403871,"""""TITANIUM PIPE  SIZE:2""""  THK-3.5MM   GRADE-2""",MR
325,SP10403912,"""""1.875"""" INSERT{CORBON)2 DRO 2H-65032""",NO
326,SP10403913,"""""1.875"""" INSERT{SIL}2A DRO 2H-65032""",NO
327,SP10403914,"""""1.875"""" SEALING RING SIL G DRO 2H-65032""",NO
328,SP10403915,"""""1.875"""" COMPRESSION UNIT DRO 2H-65032""",NO
329,SP10403916,"""""MECH SEAL  SIZE:1.625""""  SEAL TYPE:SRNUV""",SETS
330,SP10403962,"CONNECTOR, MALE, 1/4"" TO 8 MM, ONE TOUCH FITTING, AIR SERVICE, UP TO 10 BAR.",NO
331,SP10403964,"CONNECTOR, MALE, 3/8"" TO 12 MM, ONE TOUCH FITTING, AIR SERVICE, UP TO 10 BAR.",NO
332,SP10403965,"CONNECTOR, MALE, 3/8"" TO 8 MM, ONE TOUCH FITTING, AIR SERVICE, UP TO 10 BAR.",NO
333,SP10403966,"WATER FLOW METER  1"" (25MM) NPT (M) THREADED",NO
334,SP10403971,"""""SPARE """"O"""" RING FOR MAC-T-102 FBV""",SETS
335,SP10403997,"""""BALL VALVE SS 316 1"""" 600# F/E""",NO
336,SP10403998,"""""4""""(100 MM)TOP SEAL KIT  T-600  TYPE-127""",NO
337,SP10403999,"""""4""""(100MM)ROUTED SLEEVE  T-600  TYPE-127""",NO
338,SP10404014,"""""1.375"""" SLEEVE PACKING DRG:2H-69394""",NO
339,SP10404022,"""""2.500"""" CARBON INSERT DRG 2H-91744""",NO
340,SP10404023,"""""2.5""""INSERT MOUNTING O-RING VITON 2H91744""",NO
341,SP10404055,"""""BUTTERFLY VALVE SIZE:10"""" DIN STD PN-10""",NO
342,SP10404090,"""""PISTON VALVE  SIZE:1"""" RATING:40 BAR""",NO
343,SP10404101,"""""O"" RING (FOR PRIMARY SEAL RING PACKING)""",NO
344,SP10404107,"""""COMP.SEAL WITH SLEEVE&GLAND 1.625""""""",NO
345,SP10404119,"""""TROLLEY WHEEL 12""""X2""""X1"""" RUBBER WITH C.I""",NO
346,SP10404129,"""""""""""Y""""TYPE STRAINER   SIZE:1"""" F/E   MOC:CI""",NO
347,SP10404137,"""""""""""MECH SEAL(COM)ASSY.1.375""""""""DRG.Y589/48020""""""",SETS
348,SP10404152,"""""GLOBE VALVE 1.1/2"""" CS 150# F/E""",NO
349,SP10404162,"""""JUNCTION BOX PVC 2 WAY SIZE 1""""""",NO
350,SP10404170,"""""1.375"""" MECH.SEAL(COM)WITH GLAND&SLEEVE""",NO
351,SP10404171,"""""COMP.MECH SEAL   SIZE: 1.625""""""",NO
352,SP10404172,"""""SLEEVE  SIZE:1.625"""" MOC: CERAMIC""",NO
353,SP10404187,"""""GASKET SPW 3/4"""" SS304 300/600 #""",NO
354,SP10404188,"""""GASKET""""O""""RING  ID:335MM  OD:350MM TK:7.7MM""",NO
355,SP10404266,"O RING  SIZE:63.5MMODX56.8IDX 3.6MM THK""",NO
356,SP10404290,"""""WHEEL HEAVY DUTY POLY 12"""" X 2"""" X 1""""""",NO
357,SP10404297,"""""HP 18.5""""/ 21.5 """" MONITOR""",NO
358,SP10404323,"""""STUBEND SS316 300MM NB LONG ASTM  - 12""""""",NO
359,SP10404325,"""""REDUCER  CONSENTRI  SS316  SCH10   SIZE: 12"""" X 10""""""",NO
360,SP10404352,"""""BALL VALVE SS316 150# FLANGED END - 3""""""",NO
361,SP10404414,"""""PRE FILTER CANDLE  SIZE:10"""" FOR RO WATER PURIFIER""",NO
362,SP10404415,"""""PRE FILTER BOWL ASSEMBLY   SIZE:10""""FOR RO WATER PURIFIER""",NO
363,SP10404416,"""""DIVERTER VALVE   SIZE;1/2"""" FOR RO WATER PURIFIER""",NO
364,SP10404419,"""""BALL VALVE  PP  21/2"""" FLANGED END    ANSI 150#""",NO
365,SP10404429,"""""BEND MS   ERW SIZE : 3""""""",NO
366,SP10404431,"""""MECHANICAL SEAL SIZE"""" 1.75 """"  MAKE:HI-FAB""",NO
367,SP10404434,"""""MECHANICAL SEAL SIZE :1.875 """" MAKE:HI- FAB""",NO
368,SP10404453,"""""BALL VALVE SS316   FLANGED END 150# SIZE : 1 1/4""""""",NO
369,SP10404503,"""""FLANGE BLIND 15MM(1/2"""")CS 150# RF ASA""",NO
370,SP10404507,"""""FLANGE BLIND (1"""") CS 150# RF ASA""",NO
371,SP10404519,"""""FLANGE BLIND (5"""") 150# RF ASA""",NO
372,SP10404522,"""""FLANGE BLIND (6"""")CS 600# RF ASA""",NO
373,SP10404558,"""""FLANGE WELD NECK RAISED FACE   SIZE  : 50 MM (2"""")  M.O.C  : CS""",NO
374,SP10404559,"""""FLANGE    CS   1/2 """" 600#  WNRF""",NO
375,SP10404594,"""""REDUCER  ECC  SS316 SIZE : 3"""" X 1 1/2""""""",
376,SP10404595,"""""STUBEND  SS316  SCH10 ERW - 2 1/2""""""",NO
377,SP10404869,"""""ROTAMETER- FLOW INDICATOR  SIZE:2""""   MOC:PVC ONLINE MOUNT""",NO
378,SP10404875,"""""PVC PIPE 4"""" FOR RAIN DROP WITH CLAMP ARRANGEMENT""",MR
379,SP10404877,"""""TURBO VENTS (24"""" DIA - SS WITH POLY CARBONATE BASE)""",NO
380,SP10404895,"""""COMP.MECH SEAL SIZE: 2.25""""WITH SLEEVE AND WITH OUT GLAND  MAKE:FLOW SERVE""",NO
381,SP10404927,"GATE VALVE 6"" (150MM ) PN16 DIN MOC:CI",NO
382,SP10404941,"VALVE BUTTERFLY 10"" 150# ANSI DISC : SS304, BODY : C I, WITH GEAR BOX TYPE",NO
383,SP10404949,"""""TUBE BENDER   SIZE:1/2""""  FOR SS TUBE   MAKE:ATLAS""",NO
384,SP10404951,"""""ELBOW 2"" UPVC SW 10 KG / SQ.CM  MAKE:SUPREME""",NO
385,SP10404952,"""""PIPE UPVC SCH.40 PR.10KG/SQ.CM  SIZE: 2""""(50MM)  MAKE : SUPREME""",MR
386,SP10405053,"""""TUBE BENDER   SIZE:1/4""""  MAKE:ATLAS""",NO
387,SP10405080,"""""1.750""""COMP.MECH SEAL ASSEMBLY WITH SLEEVE AND GLAND""",SETS
388,SP10405123,"""""HSS CENTER BIT  SIZE: 3/8""""  MAKE:ADDISION.""",NO
389,SP10405182,"""""EPDM DIAPHRAGM (SAUNDERS) A- SIZE: 50MM(2"""") GR.325""",NO
390,SP10405201,"""""PULLER FOR BEARING HEAVYDUTY 3LEG PULLER  SIZE:12""""""",NO
391,SP10405331,"""""""""""O"""" RING FOR CHLORINE UNIT""",NO
392,SP10405333,"""""HEAD SEAL KIT   SIZE:8""""  PART NO;9600""",NO
393,SP10405358,"""""PIPE  SS 316  SIZE:8"""" SMLS   SCH10""",NO
394,SP10405372,"""""2.125""""COMP SEAL WITH SLEEVE &GLAND"" FFkm",NO
395,SP10405442,"""""FLANGE   MS   SORF PN-16  HOLE DIA 18MM SIZE : 4""""""",NO
396,SP10405480,"""""FOOT VALVE  SIZE:3/8"""" FOR DOSING PUMP  MODEL:D93  MAKE:MILTON ROY""",NO
397,SP10405481,"""""TUBING  SIZE:3/8"""" FOR D93 DOSING PUMP  MOC:LDPE""",MR
398,SP10405504,"""""""""""O""""RING AND GUIDE  SIZE: 111X121X2.5 MM FOR GROVE CRANE""",NO
399,SP10405505,"""""""""""O """"RING WITH GUIDE  SIZE: 162X165X3 MM FOR GROVE CRANE""",NO
400,SP10405517,"""""DIAPHRAGM VALVE  SIZE:4""""  150#END CONNECTION FLANGE TO ANSI B16.5 CLASS 150#""",NO
401,SP10405722,"""""MEDIUM VELOCITY SPRAY NOZZLE WITH REVOLVING HEAD  END THD:1/2"""" BSP""",NO
402,SP10405787,"""""SAFETY RELIEF VALVES (  PSV-E8205 / 11/2"""" /F/2"""")""",NO
403,SP10405883,"""""3 WAY FLAMEPROOF JUNCTION BOX FOR LIGHTING   GLAND ENTRY 3/4"""" WITH FLP GLAND AND DUMMY PLUG""",NO
404,SP10405911,"""""PISTON VALVE - SIZE - 3/4""""- MAKE - UKL""",NO
405,SP10405943,"""""FLANGE  SIZE:3"""" MS   PN10  DINSTD  PCD:160MM  OD:200MM  4 HOLESX18MM HOLE DIA.""",NO
406,SP10405949,"""""OIL SEAL  SIZE  : 40 X 23 X 8 MM  MOC  : BUNA """"N""""""",NO
407,SP10405950,"""""OIL SEAL  SIZE  : 72 X 35 X 12 MM  MOC   : BUNA """"N""""""",NO
408,SP10405986,"""""NRV   CS  SIZE:3/4""""  TYPE:LIFT CHECK  END CONNECTION: SOCKET WELD""",NO
409,SP10406007,"""""END CAP 3"""" CS SMLS SCH 40  BW.""",NO
410,SP10406080,"""""CLAMP - GI  SIZE: 11/2""""""",NO
411,SP10406169,"PVC REDUCER  SIZE: 4""X3""  PRESSURE:10 BAR",NO
412,SP10406170,"PVC REDUCER  SIZE 3""X2""  PRESSURE RATING:10BAR",NO
413,SP10406171,"STUB END 11/2"" PVC FLANGE WITH TAILPIECE   PRESSURE RATING:10BAR",NO
414,SP10406286,"""""O""""RING  SIZE: 150.3X163.9X6.8MM AIR INLET. COVER SULZER""",NO
415,SP10406287,"""""SPACER """"V""""TYPE NECK GASKET""",NO
416,SP10406321,"""""UPVC LONG BEND  SIZE:3/4""""""",NO
417,SP10406323,"""""UPVC  TEE   SIZE;3/4""""""",NO
418,SP10406325,"""""UPVC REDUCER  SIZE;1""""X3/4""""""",NO
419,SP10406326,"""""UPVC REDUCER  SIZE;2""""X11/2""""""",NO
420,SP10406328,"""""UPVC   MALE THREAD ADOPTER  SIZE:11/2""""""",NO
421,SP10406329,"""""CPVC BALL VALVE  SIZE;2""""""",NO
422,SP10406330,"UPVC COUPLING  SIZE:2""",NO
423,SP10406594,"""""MECHANICAL SEAL   SIZE : 1.75""""   MAKE : HI-FAB  """,NO
424,SP10406595,"""""GLAND PLATE   SIZE : 1  125"""" SEAL MAKE : EAGLE BURGMAN""",NO
425,SP10406625,"BALL VALVE   MOC : UPVC   THREADED   SIZE : 1""",NO
426,SP10406670,"""""REFRIGERANT CHARGING HOSE   SIZE: ¼’’ X ¼’’ – 1SET (R22/R134A),  ¼’’ X 5/16’’ – 1SET (R410A/R32)LENGTH: 36 INCHES""",SETS
427,SP10406736,"""""C.G-101 1: EXD. IIA   IIB BRASS NICKEL PLATED DCGLAND TO SUIT 3/4"""" ET ENTRY   OD : 16 - 20MM""",NO
428,SP10406819,"""""JUNCTION BOX DB: 6031 (CABLE ENTRY 22 X 1/2"""" NPT) 2 X 1.5"""" NPT""",NO
429,SP10406820,"""""JUNCTION BOX DB:6031 (CABLE ENTRY 16 X 1/2"""" NPT)  2 X 1.5"""" NPT""",NO
430,SP10406822,"""""FWPG - 551 : EXD. IIC ALUMINIUM ANODISED BLANKING PLUG TO SUIT 1/2"""" NPT ENTRY""",NO
431,SP10407254,"""""INSERT   SIZE : 1  625""""  MOC : SC   MODEL : CPK   35/80 (80/200)""",NO
432,SP10407262,"CONDENSATE POT   SIZE :3""""   SCH80  """,NO
433,SP10407278,"""""P-233/1   HP BOILER FEED WATER PUMP    1.250""""   CAR VS SIC   VITON MAKE - FLOWSERVE""",NO
434,SP10407290,"""""P-233/3   HP BOILER FEED WATER PUMP    1.500""""   CAR VS SIC   VITON MAKE - FLOWSERVE""",NO
435,SP10407368,"""""COMPLETE MECHANICAL SEAL SET AND SLEEVE WITH OUT GLAND   SIZE : 1.375""""""",SETS
436,SP10407395,"""""""""""SEAL RING   SIZE : 1.625""""""""   MOC : TUNGSTEN CARBIDE  """"""",NO
437,SP10407396,"""""""""""SHAFT PACKING   SIZE : 1.625""""""""   MOC : VITON  """"""",NO
438,SP10407425,"""""""""""COMPLETE MECHANICAL SEAL WITH SLEEVE AND GLAND   SIZE : 1.125""""""""""""""",NO
439,SP10407465,"""""MECHANICAL SEAL ASSEMBLY   SIZE : 1.375""""   WITH SLEEVE AND GLAND PLATE IN SS316""",SETS
440,SP10407478,"O RING 35MM PISTN UNLOADER KGK2HA2QT""",NO
441,SP10407481,"""""O""""RING COVER DELIVERY FOR KGK COMPR   PART NO : 35242100""",NO
442,SP10407500,"""""COMPLETE MECHANICAL SEAL SET   SIZE : 1.375""""    PA2 CRYSTALLISER""",NO
443,SP10407856,"HDPE PIPE 12"" (315MM OD) 6KG PRESSURE PE100 GRADE ISI",NO
444,SP10407928,"PIPE  1"""" CPVC  SDR-11  PART NO.2129103""",MR
445,SP10407929,"""""PIPE  3/4"""" CPVC  SDR-11  PART NO.2129102""",MR
446,SP10407930,"""""PIPE  1/2""""  CPVC  SDR-11 MAKE: ASHIRVAD  PART NO.2129101""",MR
447,SP10407931,"""""TEE (EQUAL)  1"""" CPVC  SDR-11  PART NO.2226003""",NO
448,SP10407932,"""""UNION  1"""" CPVC  SDR-11  PART NO.2225903""",NO
449,SP10407933,"""""ELBOW  1"""" CPVC  SDR-11  PART NO.2225703""",NO
450,SP10407934,"""""COUPLER  1""""  CPVC  SDR-11 PART NO.2224703""",NO
451,SP10407935,"""""FEMALE THREAD ADOPTER  1""""  CPVC  SDR-11  PART NO.2225403""",NO
452,SP10407936,"""""MALE THREAD ADOPTER  1""""  CPVC  SDR-11  PART NO.2225303""",NO
453,SP10407937,"""""BALL VALVE  1""""  CPVC  SDR-11 PART NO.2224773""",NO
454,SP10407938,"""""ELBOW  3/4""""  CPVC  SDR-11  PART NO.2225702""",NO
455,SP10407939,"""""TEE (EQUAL)  3/4"""" CPVC  SDR-11  PART NO.2226002""",NO
456,SP10407940,"""""UNION  3/4"""" CPVC  SDR-11  PART NO.2225902""",NO
457,SP10407941,"""""COUPLER  3/4""""  CPVC  SDR-11  PART NO.2224702""",NO
458,SP10407942,"""""REDUCER ELBOW  3/4"""" X 1/2"""" CPVC  SDR-11  PART NO.2225707""",NO
459,SP10407943,"""""REDUCER COUPLER  1"""" X 3/4"""" CPVC  SDR-11  PART NO.2224603""",NO
460,SP10407944,"""""BALL VALVE  3/4""""  CPVC  SDR-11  PART NO.2224772""",NO
461,SP10407946,"TANK NIPPLE  1"" CPVC  SDR-11  PART NO.2223603",NO
462,SP10407947,"""""TANK NIPPLE  2""""   CPVC  SDR-11  PART NO.2223606""",NO
463,SP10407948,"""""FEMALE THREAD ADOPTER  2""""  PVC  10KG/CM2  MAKE FINOLEX""",NO
464,SP10407949,"""""UNION  1/2"""" CPVC  SDR-11  PART NO.2225901""",NO
465,SP10407950,"""""ELBOW  1/2""""  CPVC  SDR-11  PART NO.2225701""",NO
466,SP10407951,"""""FEMALE THREAD ADOPTER  1/2""""  CPVC  SDR-11  PART NO.2225401""",NO
467,SP10407952,"""""MALE THREAD ADOPTER  1/2""""  CPVC  SDR-11  PART NO.2225301""",NO
468,SP10408135,"WALL MOUNTING FAN 450 MM DIA(18"")",NO
469,SP10408214,"FEED CHECK VALVE,SIZE 1""x1"" IBR CERTIFICATE 300# FLANGE END",NO
470,SP10408254,"MECHANICAL SEAL COMP 1.125"" WITH GLAND&SLEEVE",NO
471,SP10408294,"CF ELEMENT 30"" LG, 10MICRON, WOUND DTRO",NO
472,SP10408295,"FILTER ELEMENT CATRIDGE 30"" LG, 10MICRON, MELTBLOWN DTRO",NO
473,SP10408315,"VALVE BALL 15MM (1/2"") WCB MS SW",NO
474,SP10408322,"CF ELEMENT 20"" LG 10MICRON WOUND DTRO",NO
475,SP10408349,"CONNECTOR, MALE ,ONE TOUCH FITTINGS, 1/4"" TO 6 MM, AIR SERVICE, UP TO 10 BAR.",NO
476,SP10408410,"HYDRAULIC HOSE 3/8"" X 4.6M L FOR VOLTAS",NO
477,SP10408459,"HOSE ASSY  HYD SIZE:1"" R1 LENGTH:1600MM NONMETALIC",SETS
478,SP10408487,"PRESSURE RELIEF VALVE FOR CHLORINATOR SYSTEM SIZE:3/4"" CAP 10KG/HR SET PR 0.3BAR",NO
479,SP10408639,"SEAL MECHANICAL TYPE SINGLE SPRING 1.125"" WITHOUT GLAND",NO
480,SP10408698,"FILTER ELEMENT CATRIDGE 20"" LG, 5MICRON, MELTBLOWN/SPUN FILT DTRO",NO
481,SP10408710,"BALL VALVE CPVC 11/2"" SW SDR-II",NO
482,SP10408721,"PEDESTAL FAN 230V 450MM (18"") INDUSTRIAL SWEEP",NO
483,SP10408943,"NON RETURN VALVE CS 11/2"" (40MM) 150# F/E DISC TYPE",NO
484,SP10409232,"""""BALL VALVE; SIZE - 6"""" ; CLASS # 150; MOC - PP""",NO
485,SP10409237,"HYDRAULIC HOSE 3/4""HOSE TELESCOPE FOR P&H CRANE",NO
486,SP10409241,"BALL VALVE UPVC 2"" THD TYPE:375 PVC-U",NO
487,SP10409248,"SCREW 1"" GI",NO
488,SP10409249,"CLAMP 1.5"" CPVC COATED",NO
489,SP10409250,"ADOPTER FEMALE THREADED 1.5"" CPVC",NO
490,SP10409251,"ADOPTER FEMALE THREAD 1.5""X1"" CPVC",NO
491,SP10409269,"OIL CUP THREADED VIEW GLASS; ""L"" TYPE; 1/4"""" THREADED;""",NO
492,SP10409321,"""""OIL SEAL FOR CAT PUMP CRANKSHAFT",NO
493,SP10409362,"PUMP WITH MECHANICAL SEAL, PUMP TYPE:1K MODEL:3X1.5-8 FLOW:30M3/HR HEAD:55M SEAL:1.375""",NO
494,SP10409573,"GATE VALVE 4"" CI DIN PN16 F/E",NO
495,SP10409624,"SAFETY RELIEF VALVES (  PSV-VS-105-1 ) SIZE INLET - 2""(300#) / OUTLET PORT 3"" 150#"")",NO
496,SP10409625,"SAFETY RELIEF VALVES (  PSV-VS-105-2 ) SIZE INLET - 2""(150#) / OUTLET PORT 3"" 150#"")",NO
497,SP10409626,"SAFETY RELIEF VALVES (  PSV-VS-101-1 ) SIZE INLET - 3""(600#) / OUTLET PORT 4"" 150#)",NO
498,SP10409627,"SAFETY RELIEF VALVES (  PSV-VS-104-1 ) SIZE INLET - 2""(300#) / OUTLET PORT 3"" 150#)",NO
499,SP10409810,"FILTER CARTRIDGE HOUSING POLYFILTCF-30""×09NOS-DOE-UNION-UPVC",NO
500,SP10410075,"FLANGE  CS  SIZE:1/2"" WNRF  RATING- 150  SCHEDULE-40",NO
501,SP10410076,"FLANGE  CS  SIZE:3/4"" WNRF  RATING- 150 SCHEDULE-40",NO
502,SP10410254,"REDUCER ECCENTRIC (200MM X 100MM) 8"" X4"" SS316L SMLS SCH10",NO
503,SP10410255,"FLANGE WNRF (50NB) 2"" 300# SCH10S, SS304",NO
504,SP10410258,"REFRIGERANT COPPER PIPING WITH CLASS ""O"" 9 MM NITRILE RUBBER INSULATION  FOR CASSETTE UNITS",MR
505,SP10410260,"4 CORE 1.5 SQ.MM ELECTRICAL CABLING BETWEEN INDOOR AND OUTDOOR WITH 3/4"" CONDUIT",MR
506,SP10410261,"PVC DRAIN PIPES - 1"" 6KG PER CM2 WITH 9 MM THICK NITRILE RUBBER INSULATION  25MM",MR
507,SP10410274,"VALVE BALL  3/4""(20MM)  300# SS304",NO
508,SP10410275,"FLANGE  3/4""(20MM) 300# WNRF",NO
509,SP10410276,"ELBOW 3/4""(20MM) SW,  SS304",NO
510,SP10410506,"SHORE ""A"" DIGITAL RUBBER HARDNESS TESTER",NO
511,SP10410509,"TEST SIEVES COARES 3/8,BRASS,8""DIAX2""HT",NO
512,SP10410947,"PICK TUBE WITH 1"" THREAD NUT /1 "" HOSE FOR AQUA FORM BARREL NOZZLE",NO
513,SP10411032,"SPRAY NOZZLE, CENTRIFUGE ,3/8 "" BSP FLAT HEAVY DUTY",NO
514,SP10411215,"""""MECH SEAL  SIZE:1.625""""""""  SEAL TYPE:SRNUV-C""",NO
515,SP10411233,"GATE VALVE,1/2"", SW, 800# ,SS316 ,ASTM A182 GR.F316",NO
516,SP10411362,"""""O"" RING  SIZE: OD:323MM ID:303 THK:10MM  MOC:NEOPRENE RUBBER",NO
517,SP10411438,"MECH SEAL” SIZE:80 MM ""   MAKE:FLOW SERVE""",NO
518,SP10411565,"MECH SEAL SIZE :1.375"""" SEAL TYPE : SNUV",NO
519,SP10411760,"STACK DIFFUSER/STRAINER PP,3""BSP",NO
520,SP10411855,"WELDOLET  1/2""(15NB) BW SS304",NO
521,SP10411867,"GLOBE VALVE WITH BELLOW SEAL  SIZE-1""  PN 40, MTRL : WCB",NO
522,SP10411937,"BELLOW HOSE 3/4"" X 2 MTR LONG SS BRAIDED, BOTH END SS SWIVEL NPT THREADED NUT",NO
523,SP10411938,"1-1/2"" SS CORRUGATED BELLOW HOSE 316 GRADE WITH OUTER BRAIDING OF 304 BOTH END FLANGE FITTING MADE OUT OF 316 & 304 GRADE - 2MTR",NO
524,SP10412025,"SAFETY RELIEF VALVES (PSV-816) SIZE : INLET - 4""(600#) /OUTLET PORT 6"" 150#)",NO
525,SP10412026,"GATE VALVE WITH AUMA  MOTORISED ACTUATORS CS – SIZE “8"", 200 NB, FLANGED END ,RATING :600#RF",NO
526,SP10412350,"DOUBLE FRAME MESH DESIGN 48"", SS316 FITTED WITH 10# SS316 WIRE MESH SCREEN.",NO
527,SP10412351,"DOUBLE FRAME MESH DESIGN 48"", SS316 FITTED WITH 25 # SS316 WIRE MESH SCREEN.",NO
528,SP10412352,"DOUBLE FRAME MESH DESIGN 48"", SS316 FITTED WITH 40# SS316 WIRE MESH SCREEN.",NO
529,TL10500030,"TOOL BIT HSS 1/4""X6"" SQ LONG  MIRANDA",NO
530,TL10500174,"TOOL BIT HSS 10MM SQ X 6"" LONG MIRANDA",NO
531,TL10500176,"TOOL BIT HSS 1/2"" X 6"" SQ LONG MIRANDA",NO
532,TL10500208,TAPE  MEASURING  5M LG  W/ CLIP & SPIRIT LVL,NO
533,TL10500224,TAPE  MEASURING  5M LG,NO
534,TL10500243,"""""SCREW DRIVER LIGTH DUTY 8"""" TAPARIA/EVE.""",NO
535,TL10500244,"CUTTING PLIER 6""",NO
536,TL10500245,"""""CUTTING PLIER [COMBINATION] 8""""""",NO
537,TL10500248,"""""WIRE STRIPPER EWS-06  6"""" TAPARIA""",NO
538,TL10500250,MEASURING TAPE STEEL 5 METER,NO
539,TL10500253,"""""SPANNER SCREW TYPE 10"""" TAPARIA""",NO
540,TL10500255,"""""FILE ROUND SMOOTH 8""""""",NO
541,TL10500271,"""""CONTAINER SEAL CUTTER  SIZE: DIA 12MM  LENGTH:30""""   MOC:CS""",NO
542,TL10500276,"""""CHAIN PIPE WRENCH   HEAVY DUTY   SIZE : 24""""""",NO
543,TL10500277,"""""LEAF FILLER WELD GAUGE   FILLET WELD THROAT SIZE : 5MM   DEPTH OF UNDER CUR : 1/32""""   MOC:SS""",NO
544,TL10500281,"""""TORQUE WRENCH   SIZE : 50 - 220 N   SOCKET : 1/2"""" SQ. DRIVER   MAKE L MEK MASTER""",NO